-- Adminer 4.7.5 MySQL dump

SET NAMES utf8;
SET time_zone = '+00:00';
SET foreign_key_checks = 0;
SET sql_mode = 'NO_AUTO_VALUE_ON_ZERO';


DROP DATABASE IF EXISTS `paris-jo`;
CREATE DATABASE `paris-jo` /*!40100 DEFAULT CHARACTER SET latin1 */;
USE `paris-jo`;

DROP TABLE IF EXISTS `competition`;
CREATE TABLE `competition` (
  `id_competition` int(11) NOT NULL AUTO_INCREMENT,
  `name` varchar(255) NOT NULL,
  `id_family` int(11) NOT NULL,
  `address` varchar(255) NOT NULL,
  `city` varchar(255) NOT NULL,
  PRIMARY KEY (`id_competition`),
  KEY `id_family` (`id_family`),
  CONSTRAINT `competition_ibfk_1` FOREIGN KEY (`id_family`) REFERENCES `family` (`id_family`)
) ENGINE=InnoDB DEFAULT CHARSET=latin1;

INSERT INTO `competition` (`id_competition`, `name`, `id_family`, `address`, `city`) VALUES
(1,	'athletics',	9,	'Stade de France',	'Saint-Denis'),
(2,	'triathlon',	10,	'5 Avenue Anatole France',	'Paris'),
(3,	'sport climbing',	10,	'Place de la Concorde',	'Paris'),
(4,	'weightlifting',	10,	'Le Zénith de Paris - La villette',	'Paris'),
(5,	'equestrian',	10,	'Château de Versailles',	'Versailles'),
(6,	'modern pentathlon',	10,	'Château de Versailles',	'Versailles'),
(7,	'freestyle BMX',	8,	'Place de la Concorde',	'Paris'),
(8,	'BMX racing',	5,	'Vélodrome national de Saint-Quentin-En-Yvelines',	'Saint-Quentin-En-Yvelines'),
(9,	'skateboarding',	8,	'Place de la Concorde',	'Paris'),
(10,	'breakdance',	8,	'Place de la Concorde',	'Paris'),
(11,	'gymnastic',	8,	'Paris la Défense Arena',	'Nanterre'),
(12,	'mountain bike',	5,	'9 Avenue Jean Pierre Timbaud',	'Elancourt'),
(13,	'road cycling',	5,	'Avenue des Champs-Élysées',	'Paris'),
(14,	'track cycling',	5,	'Vélodrome national de Saint-Quentin-En-Yvelines',	'Saint-Quentin-En-Yvelines'),
(15,	'badminton',	4,	'Paris Arena II',	'Paris'),
(16,	'table tennis',	4,	'Paris Expo Porte de Versailles',	'Paris'),
(17,	'tennis',	4,	'Rolland-Garros',	'Paris'),
(18,	'shooting',	6,	'Stand de tir du Bourget',	'Le Bourget'),
(19,	'archery',	6,	'Esplanade des Invalides',	'Paris'),
(20,	'open water swimming',	7,	'Pont d\'Iéna',	'Paris'),
(21,	'swimming',	7,	'361 avenue du Président Wilson',	'Saint-Denis'),
(22,	'water-polo',	7,	'361 avenue du Président Wilson',	'Saint-Denis'),
(23,	'plunge',	7,	'361 avenue du Président Wilson',	'Saint-Denis'),
(24,	'synchronized swimming',	7,	'361 avenue du Président Wilson',	'Saint-Denis'),
(25,	'handball',	1,	'Paris Expo Porte de Versailles',	'Paris'),
(26,	'football',	1,	'Le Parc des Princes',	'Paris'),
(27,	'hockey',	1,	'Stade Olympique Yves du Manoir',	'Colombes'),
(28,	'basketball',	1,	'AccorHotels Arena',	'Paris'),
(29,	'basketball 3X3',	1,	'Place de la Concorde',	'Paris'),
(30,	'rugby',	1,	'Stade Jean Bouin',	'Paris'),
(31,	'beach volley',	1,	'Champs de Mars',	'Paris'),
(32,	'volleyball',	1,	'Parc des Expositions Paris Le Bourget',	'Le Bourget'),
(33,	'canoe kayak',	3,	'Base nautique de Vaires-sur-Marne',	'Vaires-sur-Marne'),
(34,	'rowing',	3,	'Base nautique de Vaires-sur-Marne',	'Vaires-sur-Marne'),
(35,	'taekwondo',	2,	'Grand Palais',	'Paris'),
(36,	'boxing',	2,	'Rolland-Garros',	'Paris'),
(37,	'fencing',	2,	'Grand Palais',	'Paris'),
(38,	'wrestling',	2,	'Grand Palais',	'Paris'),
(39,	'judo',	2,	'Grand Palais',	'Paris'),
(40,	'golf',	10,	'2 Avenue du Golf',	'Guyancourt');

DROP TABLE IF EXISTS `culture`;
CREATE TABLE `culture` (
  `culture_district` int(2) NOT NULL,
  `rank` int(2) NOT NULL,
  `museum` int(3) NOT NULL,
  `theater` int(3) NOT NULL,
  `monument` int(3) NOT NULL,
  `total` int(4) NOT NULL,
  PRIMARY KEY (`culture_district`)
) ENGINE=InnoDB DEFAULT CHARSET=latin1;

INSERT INTO `culture` (`culture_district`, `rank`, `museum`, `theater`, `monument`, `total`) VALUES
(1,	2,	9,	5,	245,	259),
(2,	8,	1,	8,	113,	122),
(3,	4,	9,	6,	141,	156),
(4,	1,	12,	7,	252,	271),
(5,	9,	9,	3,	107,	119),
(6,	3,	10,	4,	188,	202),
(7,	6,	11,	1,	139,	151),
(8,	7,	6,	9,	110,	125),
(9,	5,	7,	22,	124,	153),
(10,	11,	4,	9,	55,	68),
(11,	13,	2,	13,	44,	59),
(12,	15,	3,	6,	35,	44),
(13,	19,	1,	3,	23,	27),
(14,	12,	5,	8,	51,	64),
(15,	16,	5,	2,	26,	33),
(16,	10,	17,	2,	65,	84),
(17,	18,	3,	4,	22,	29),
(18,	14,	4,	13,	29,	46),
(19,	17,	3,	4,	24,	31),
(20,	20,	0,	4,	17,	21);

DROP TABLE IF EXISTS `family`;
CREATE TABLE `family` (
  `id_family` int(11) NOT NULL AUTO_INCREMENT,
  `name` varchar(255) NOT NULL,
  PRIMARY KEY (`id_family`)
) ENGINE=InnoDB DEFAULT CHARSET=latin1;

INSERT INTO `family` (`id_family`, `name`) VALUES
(1,	'teams'),
(2,	'martial arts'),
(3,	'sailing'),
(4,	'rackets'),
(5,	'cycling'),
(6,	'precisions'),
(7,	'aquatics'),
(8,	'artistics'),
(9,	'athletics'),
(10,	'others');

DROP TABLE IF EXISTS `hotel`;
CREATE TABLE `hotel` (
  `hotel_district` int(2) NOT NULL,
  `rank` int(2) NOT NULL,
  `one_star` int(3) NOT NULL,
  `two_stars` int(3) NOT NULL,
  `three_stars` int(3) NOT NULL,
  `four_stars` int(3) NOT NULL,
  `five_stars` int(3) NOT NULL,
  `total` int(4) NOT NULL,
  PRIMARY KEY (`hotel_district`)
) ENGINE=InnoDB DEFAULT CHARSET=latin1;

INSERT INTO `hotel` (`hotel_district`, `rank`, `one_star`, `two_stars`, `three_stars`, `four_stars`, `five_stars`, `total`) VALUES
(1,	9,	0,	6,	21,	25,	14,	66),
(2,	16,	1,	3,	17,	16,	1,	38),
(3,	19,	0,	3,	10,	8,	1,	22),
(4,	17,	1,	4,	18,	6,	1,	30),
(5,	8,	1,	14,	35,	20,	0,	70),
(6,	6,	1,	9,	37,	38,	6,	91),
(7,	13,	0,	4,	28,	20,	4,	56),
(8,	2,	1,	6,	37,	56,	31,	131),
(9,	1,	2,	21,	88,	43,	7,	161),
(10,	4,	5,	28,	49,	15,	1,	98),
(11,	12,	1,	17,	34,	8,	1,	61),
(12,	12,	1,	16,	34,	10,	0,	61),
(13,	15,	0,	10,	22,	7,	0,	39),
(14,	7,	5,	18,	47,	14,	0,	84),
(15,	5,	2,	17,	56,	19,	0,	94),
(16,	10,	0,	4,	28,	25,	8,	65),
(17,	3,	4,	13,	57,	29,	2,	105),
(18,	14,	2,	14,	20,	12,	0,	48),
(19,	19,	0,	10,	10,	2,	0,	22),
(20,	20,	0,	5,	11,	0,	0,	16);

DROP TABLE IF EXISTS `nature`;
CREATE TABLE `nature` (
  `nature_district` int(2) NOT NULL,
  `rank` int(2) NOT NULL,
  `green_space` int(11) NOT NULL,
  `garden` int(11) NOT NULL,
  `park` int(11) NOT NULL,
  `total` int(11) NOT NULL,
  PRIMARY KEY (`nature_district`)
) ENGINE=InnoDB DEFAULT CHARSET=latin1;

INSERT INTO `nature` (`nature_district`, `rank`, `green_space`, `garden`, `park`, `total`) VALUES
(1,	17,	199,	1198,	24070,	25467),
(2,	20,	437,	671,	2180,	3288),
(3,	18,	697,	724,	23127,	24548),
(4,	14,	4712,	711,	62356,	67779),
(5,	13,	5938,	2899,	71505,	80342),
(6,	16,	1245,	1478,	29079,	31802),
(7,	9,	8233,	8577,	365670,	382480),
(8,	11,	311,	6670,	218000,	224981),
(9,	19,	2398,	183,	15183,	17764),
(10,	15,	4118,	3135,	52173,	59426),
(11,	12,	5116,	2882,	94602,	102600),
(12,	1,	13199,	13445,	2017917,	2044561),
(13,	10,	27628,	9310,	332420,	369358),
(14,	6,	12072,	13808,	505714,	531594),
(15,	4,	13362,	5012,	681385,	699759),
(16,	2,	6412,	5868,	1804284,	1816564),
(17,	7,	19008,	7811,	385998,	412817),
(18,	8,	6272,	18093,	373322,	397687),
(19,	5,	28799,	21237,	484566,	534602),
(20,	3,	10672,	14386,	743028,	768086);

DROP TABLE IF EXISTS `restaurant`;
CREATE TABLE `restaurant` (
  `restaurant_district` int(2) NOT NULL,
  `rank` int(11) NOT NULL,
  `unknown_prices` int(11) NOT NULL,
  `low_prices` int(11) NOT NULL,
  `medium_prices` int(11) NOT NULL,
  `high_prices` int(11) NOT NULL,
  `total` int(11) NOT NULL,
  PRIMARY KEY (`restaurant_district`)
) ENGINE=InnoDB DEFAULT CHARSET=latin1;

INSERT INTO `restaurant` (`restaurant_district`, `rank`, `unknown_prices`, `low_prices`, `medium_prices`, `high_prices`, `total`) VALUES
(1,	10,	152,	89,	380,	60,	681),
(2,	9,	212,	83,	357,	34,	686),
(3,	17,	129,	60,	222,	10,	421),
(4,	15,	121,	59,	295,	16,	491),
(5,	7,	211,	123,	401,	24,	759),
(6,	11,	144,	63,	369,	47,	623),
(7,	16,	94,	31,	253,	56,	434),
(8,	3,	296,	63,	387,	145,	891),
(9,	2,	339,	139,	515,	31,	1024),
(10,	6,	293,	124,	378,	10,	805),
(11,	1,	358,	141,	509,	24,	1032),
(12,	12,	227,	73,	277,	14,	591),
(13,	13,	199,	108,	245,	4,	556),
(14,	14,	159,	61,	306,	15,	541),
(15,	4,	319,	80,	450,	23,	872),
(16,	20,	86,	16,	133,	23,	258),
(17,	5,	270,	84,	440,	44,	838),
(18,	8,	246,	89,	385,	14,	734),
(19,	19,	172,	53,	125,	3,	353),
(20,	18,	166,	60,	150,	4,	380);

DROP TABLE IF EXISTS `travel`;
CREATE TABLE `travel` (
  `id_travel` int(2) NOT NULL AUTO_INCREMENT,
  `area` int(2) NOT NULL,
  `time` int(2) NOT NULL,
  `correspondence` int(2) NOT NULL,
  `id_competition` int(11) NOT NULL,
  PRIMARY KEY (`id_travel`),
  KEY `id_competition` (`id_competition`),
  CONSTRAINT `travel_ibfk_1` FOREIGN KEY (`id_competition`) REFERENCES `competition` (`id_competition`)
) ENGINE=InnoDB DEFAULT CHARSET=latin1;

DROP TABLE IF EXISTS `districts`;
CREATE TABLE `districts` (
  `district` int(2) NOT NULL,
  `nature_district` int(2) NOT NULL,
  `culture_district` int(2) NOT NULL,
  `hotel_district` int(2) NOT NULL,
  `restaurant_district` int(2) NOT NULL,
  PRIMARY KEY (`district`),
  KEY `nature_district` (`nature_district`),
  KEY `culture_district` (`culture_district`),
  KEY `hotel_district` (`hotel_district`),
  KEY `restaurant_district` (`restaurant_district`),
  CONSTRAINT `districts_ibfk_1` FOREIGN KEY (`nature_district`) REFERENCES `nature` (`nature_district`),
  CONSTRAINT `districts_ibfk_2` FOREIGN KEY (`culture_district`) REFERENCES `culture` (`culture_district`),
  CONSTRAINT `districts_ibfk_3` FOREIGN KEY (`hotel_district`) REFERENCES `hotel` (`hotel_district`),
  CONSTRAINT `districts_ibfk_4` FOREIGN KEY (`restaurant_district`) REFERENCES `restaurant` (`restaurant_district`)
) ENGINE=InnoDB DEFAULT CHARSET=latin1;

INSERT INTO `districts` (`district`, `nature_district`, `culture_district`, `hotel_district`, `restaurant_district`) VALUES
(1,	1,	1,	1,	1),
(2,	2,	2,	2,	2),
(3,	3,	3,	3,	3),
(4,	4,	4,	4,	4),
(5,	5,	5,	5,	5),
(6,	6,	6,	6,	6),
(7,	7,	7,	7,	7),
(8,	8,	8,	8,	8),
(9,	9,	9,	9,	9),
(10,	10,	10,	10,	10),
(11,	11,	11,	11,	11),
(12,	12,	12,	12,	12),
(13,	13,	13,	13,	13),
(14,	14,	14,	14,	14),
(15,	15,	15,	15,	15),
(16,	16,	16,	16,	16),
(17,	17,	17,	17,	17),
(18,	18,	18,	18,	18),
(19,	19,	19,	19,	19),
(20,	20,	20,	20,	20);

INSERT INTO `travel` (`id_travel`, `area`, `time`, `correspondence`, `id_competition`) VALUES
(1,	1,	67,	1,	11),
(2,	1,	135,	1,	40),
(3,	1,	80,	1,	23),
(4,	1,	67,	0,	20),
(5,	1,	80,	1,	24),
(6,	1,	47,	0,	13),
(7,	1,	80,	1,	22),
(8,	1,	67,	0,	2),
(9,	1,	80,	1,	21),
(10,	1,	92,	1,	32),
(11,	1,	159,	2,	12),
(12,	1,	90,	2,	27),
(13,	1,	47,	0,	10),
(14,	1,	47,	0,	7),
(15,	1,	47,	0,	3),
(16,	1,	47,	0,	9),
(17,	1,	66,	0,	16),
(18,	1,	47,	0,	29),
(19,	1,	66,	0,	25),
(20,	1,	107,	1,	33),
(21,	1,	74,	1,	30),
(22,	1,	82,	1,	18),
(23,	1,	78,	1,	36),
(24,	1,	107,	1,	34),
(25,	1,	78,	1,	17),
(26,	1,	98,	0,	5),
(27,	1,	58,	1,	19),
(28,	1,	98,	0,	6),
(29,	1,	110,	1,	8),
(30,	1,	77,	1,	1),
(31,	1,	110,	1,	14),
(32,	1,	47,	0,	39),
(33,	1,	47,	0,	35),
(34,	1,	47,	0,	38),
(35,	1,	47,	0,	37),
(36,	1,	65,	0,	31),
(37,	1,	76,	0,	4),
(38,	1,	72,	1,	26),
(39,	1,	55,	0,	28),
(40,	1,	55,	0,	15),
(41,	2,	60,	0,	39),
(42,	2,	55,	0,	10),
(43,	2,	60,	0,	37),
(44,	2,	60,	0,	38),
(45,	2,	76,	0,	23),
(46,	2,	55,	0,	29),
(47,	2,	74,	0,	18),
(48,	2,	87,	0,	32),
(49,	2,	55,	0,	9),
(50,	2,	76,	0,	24),
(51,	2,	76,	0,	22),
(52,	2,	65,	0,	11),
(53,	2,	55,	0,	3),
(54,	2,	60,	0,	35),
(55,	2,	103,	1,	33),
(56,	2,	166,	2,	12),
(57,	2,	76,	0,	21),
(58,	2,	103,	1,	34),
(59,	2,	66,	0,	1),
(60,	2,	77,	0,	30),
(61,	2,	75,	0,	26),
(62,	2,	81,	0,	17),
(63,	2,	104,	1,	5),
(64,	2,	93,	1,	27),
(65,	2,	60,	0,	19),
(66,	2,	55,	0,	7),
(67,	2,	77,	1,	16),
(68,	2,	73,	1,	20),
(69,	2,	77,	1,	25),
(70,	2,	63,	0,	15),
(71,	2,	73,	1,	2),
(72,	2,	63,	0,	28),
(73,	2,	120,	1,	14),
(74,	2,	71,	1,	4),
(75,	2,	145,	1,	40),
(76,	2,	120,	1,	8),
(77,	2,	67,	0,	31),
(78,	2,	81,	0,	36),
(79,	2,	58,	0,	13),
(80,	2,	104,	1,	6),
(81,	3,	70,	0,	4),
(82,	3,	105,	1,	33),
(83,	3,	105,	1,	34),
(84,	3,	89,	1,	21),
(85,	3,	76,	1,	11),
(86,	3,	84,	1,	20),
(87,	3,	95,	2,	32),
(88,	3,	147,	1,	40),
(89,	3,	122,	1,	14),
(90,	3,	92,	1,	27),
(91,	3,	62,	0,	9),
(92,	3,	62,	1,	15),
(93,	3,	62,	0,	29),
(94,	3,	82,	0,	30),
(95,	3,	62,	0,	10),
(96,	3,	62,	0,	3),
(97,	3,	62,	1,	38),
(98,	3,	62,	1,	39),
(99,	3,	86,	1,	36),
(100,	3,	89,	1,	24),
(101,	3,	62,	0,	7),
(102,	3,	83,	1,	2),
(103,	3,	68,	0,	19),
(104,	3,	76,	1,	16),
(105,	3,	122,	1,	8),
(106,	3,	106,	1,	6),
(107,	3,	175,	3,	12),
(108,	3,	82,	1,	18),
(109,	3,	64,	1,	13),
(110,	3,	89,	1,	23),
(111,	3,	62,	1,	35),
(112,	3,	89,	1,	22),
(113,	3,	76,	1,	25),
(114,	3,	82,	0,	26),
(115,	3,	106,	1,	5),
(116,	3,	86,	1,	17),
(117,	3,	74,	1,	1),
(118,	3,	62,	1,	37),
(119,	3,	62,	1,	28),
(120,	3,	74,	0,	31),
(121,	4,	81,	1,	36),
(122,	4,	54,	0,	38),
(123,	4,	55,	0,	13),
(124,	4,	59,	0,	28),
(125,	4,	77,	0,	4),
(126,	4,	72,	1,	2),
(127,	4,	75,	1,	25),
(128,	4,	75,	1,	16),
(129,	4,	77,	1,	1),
(130,	4,	54,	0,	35),
(131,	4,	54,	0,	37),
(132,	4,	94,	1,	32),
(133,	4,	88,	1,	21),
(134,	4,	55,	0,	3),
(135,	4,	76,	1,	20),
(136,	4,	81,	1,	17),
(137,	4,	59,	0,	15),
(138,	4,	74,	1,	11),
(139,	4,	55,	0,	9),
(140,	4,	55,	0,	7),
(141,	4,	54,	0,	39),
(142,	4,	88,	1,	24),
(143,	4,	81,	1,	30),
(144,	4,	65,	1,	19),
(145,	4,	55,	0,	10),
(146,	4,	88,	1,	23),
(147,	4,	55,	0,	29),
(148,	4,	119,	1,	14),
(149,	4,	94,	2,	27),
(150,	4,	144,	1,	40),
(151,	4,	109,	1,	33),
(152,	4,	88,	1,	22),
(153,	4,	119,	1,	8),
(154,	4,	109,	1,	34),
(155,	4,	79,	1,	26),
(156,	4,	85,	1,	18),
(157,	4,	106,	2,	5),
(158,	4,	167,	2,	12),
(159,	4,	106,	2,	6),
(160,	4,	71,	1,	31),
(161,	5,	85,	1,	18),
(162,	5,	141,	1,	40),
(163,	5,	116,	1,	8),
(164,	5,	82,	0,	4),
(165,	5,	116,	1,	14),
(166,	5,	87,	1,	22),
(167,	5,	113,	1,	34),
(168,	5,	64,	1,	38),
(169,	5,	79,	0,	26),
(170,	5,	81,	1,	11),
(171,	5,	87,	1,	21),
(172,	5,	79,	0,	36),
(173,	5,	57,	1,	28),
(174,	5,	87,	1,	23),
(175,	5,	78,	0,	30),
(176,	5,	75,	1,	20),
(177,	5,	79,	0,	17),
(178,	5,	113,	1,	33),
(179,	5,	100,	1,	32),
(180,	5,	87,	1,	24),
(181,	5,	72,	0,	31),
(182,	5,	175,	3,	12),
(183,	5,	105,	2,	27),
(184,	5,	70,	1,	19),
(185,	5,	64,	1,	35),
(186,	5,	77,	1,	1),
(187,	5,	65,	1,	13),
(188,	5,	57,	1,	15),
(189,	5,	64,	1,	9),
(190,	5,	73,	2,	25),
(191,	5,	73,	2,	16),
(192,	5,	64,	1,	29),
(193,	5,	64,	1,	7),
(194,	5,	64,	1,	37),
(195,	5,	99,	2,	5),
(196,	5,	73,	1,	2),
(197,	5,	64,	1,	10),
(198,	5,	64,	1,	3),
(199,	5,	64,	1,	39),
(200,	5,	99,	2,	6),
(201,	6,	136,	0,	40),
(202,	6,	67,	0,	19),
(203,	6,	64,	0,	16),
(204,	6,	78,	0,	21),
(205,	6,	61,	0,	7),
(206,	6,	78,	0,	22),
(207,	6,	78,	0,	24),
(208,	6,	71,	0,	17),
(209,	6,	71,	0,	36),
(210,	6,	111,	0,	14),
(211,	6,	69,	0,	1),
(212,	6,	70,	0,	30),
(213,	6,	64,	0,	25),
(214,	6,	61,	0,	9),
(215,	6,	65,	1,	37),
(216,	6,	61,	0,	10),
(217,	6,	96,	1,	6),
(218,	6,	67,	0,	2),
(219,	6,	78,	0,	23),
(220,	6,	75,	1,	11),
(221,	6,	109,	1,	33),
(222,	6,	109,	1,	34),
(223,	6,	111,	0,	8),
(224,	6,	90,	0,	32),
(225,	6,	77,	0,	18),
(226,	6,	168,	3,	12),
(227,	6,	78,	1,	4),
(228,	6,	70,	0,	20),
(229,	6,	61,	0,	3),
(230,	6,	72,	0,	26),
(231,	6,	65,	1,	38),
(232,	6,	64,	1,	28),
(233,	6,	64,	1,	15),
(234,	6,	95,	2,	27),
(235,	6,	96,	1,	5),
(236,	6,	65,	1,	35),
(237,	6,	63,	0,	31),
(238,	6,	65,	1,	39),
(239,	6,	61,	0,	29),
(240,	6,	65,	1,	13),
(241,	7,	48,	-1,	19),
(242,	7,	55,	0,	20),
(243,	7,	54,	0,	2),
(244,	7,	53,	0,	3),
(245,	7,	53,	0,	10),
(246,	7,	51,	0,	37),
(247,	7,	51,	0,	35),
(248,	7,	76,	0,	1),
(249,	7,	50,	-1,	31),
(250,	7,	95,	1,	18),
(251,	7,	68,	0,	25),
(252,	7,	53,	0,	7),
(253,	7,	51,	0,	39),
(254,	7,	97,	0,	6),
(255,	7,	79,	0,	22),
(256,	7,	57,	0,	13),
(257,	7,	79,	0,	24),
(258,	7,	79,	0,	23),
(259,	7,	53,	0,	29),
(260,	7,	97,	0,	5),
(261,	7,	160,	3,	12),
(262,	7,	104,	1,	14),
(263,	7,	107,	2,	32),
(264,	7,	91,	1,	27),
(265,	7,	119,	2,	33),
(266,	7,	70,	1,	17),
(267,	7,	79,	0,	21),
(268,	7,	51,	0,	38),
(269,	7,	71,	1,	26),
(270,	7,	53,	0,	9),
(271,	7,	68,	0,	16),
(272,	7,	69,	1,	28),
(273,	7,	69,	1,	30),
(274,	7,	129,	1,	40),
(275,	7,	70,	1,	36),
(276,	7,	104,	1,	8),
(277,	7,	119,	2,	34),
(278,	7,	85,	1,	4),
(279,	7,	69,	1,	15),
(280,	7,	75,	1,	11),
(281,	8,	43,	-1,	13),
(282,	8,	52,	0,	2),
(283,	8,	44,	0,	38),
(284,	8,	44,	0,	37),
(285,	8,	46,	0,	29),
(286,	8,	104,	1,	8),
(287,	8,	53,	0,	20),
(288,	8,	44,	0,	39),
(289,	8,	52,	0,	31),
(290,	8,	44,	0,	35),
(291,	8,	46,	0,	9),
(292,	8,	46,	0,	3),
(293,	8,	97,	1,	32),
(294,	8,	72,	0,	1),
(295,	8,	67,	0,	17),
(296,	8,	93,	1,	5),
(297,	8,	46,	0,	7),
(298,	8,	93,	1,	6),
(299,	8,	84,	1,	18),
(300,	8,	67,	0,	36),
(301,	8,	153,	2,	12),
(302,	8,	104,	1,	14),
(303,	8,	46,	0,	10),
(304,	8,	74,	0,	21),
(305,	8,	63,	0,	30),
(306,	8,	111,	2,	34),
(307,	8,	92,	1,	27),
(308,	8,	64,	0,	11),
(309,	8,	74,	0,	23),
(310,	8,	74,	0,	22),
(311,	8,	59,	1,	19),
(312,	8,	129,	1,	40),
(313,	8,	66,	1,	16),
(314,	8,	66,	1,	25),
(315,	8,	61,	0,	26),
(316,	8,	62,	1,	15),
(317,	8,	74,	0,	24),
(318,	8,	82,	1,	4),
(319,	8,	62,	1,	28),
(320,	8,	111,	2,	33),
(321,	9,	80,	1,	22),
(322,	9,	53,	0,	3),
(323,	9,	53,	0,	7),
(324,	9,	80,	1,	21),
(325,	9,	80,	1,	23),
(326,	9,	86,	0,	36),
(327,	9,	73,	0,	4),
(328,	9,	86,	0,	17),
(329,	9,	53,	0,	10),
(330,	9,	105,	1,	33),
(331,	9,	80,	1,	24),
(332,	9,	53,	0,	9),
(333,	9,	105,	1,	34),
(334,	9,	82,	1,	27),
(335,	9,	67,	0,	16),
(336,	9,	75,	0,	20),
(337,	9,	53,	0,	29),
(338,	9,	72,	1,	11),
(339,	9,	60,	1,	13),
(340,	9,	67,	0,	25),
(341,	9,	79,	0,	26),
(342,	9,	146,	1,	40),
(343,	9,	74,	0,	31),
(344,	9,	63,	1,	19),
(345,	9,	81,	0,	30),
(346,	9,	172,	3,	12),
(347,	9,	78,	0,	2),
(348,	9,	78,	1,	1),
(349,	9,	58,	1,	37),
(350,	9,	121,	1,	14),
(351,	9,	121,	1,	8),
(352,	9,	58,	1,	39),
(353,	9,	58,	1,	38),
(354,	9,	103,	1,	5),
(355,	9,	76,	1,	32),
(356,	9,	64,	1,	15),
(357,	9,	64,	1,	28),
(358,	9,	58,	1,	35),
(359,	9,	103,	1,	6),
(360,	9,	80,	1,	18),
(361,	10,	93,	0,	33),
(362,	10,	63,	0,	23),
(363,	10,	93,	0,	34),
(364,	10,	93,	1,	27),
(365,	10,	66,	0,	18),
(366,	10,	63,	0,	24),
(367,	10,	63,	0,	22),
(368,	10,	58,	0,	1),
(369,	10,	80,	1,	26),
(370,	10,	63,	0,	21),
(371,	10,	60,	0,	4),
(372,	10,	79,	0,	32),
(373,	10,	68,	1,	11),
(374,	10,	63,	1,	10),
(375,	10,	65,	1,	39),
(376,	10,	121,	1,	8),
(377,	10,	65,	1,	37),
(378,	10,	65,	1,	35),
(379,	10,	63,	1,	3),
(380,	10,	63,	1,	29),
(381,	10,	84,	1,	36),
(382,	10,	63,	1,	9),
(383,	10,	105,	1,	6),
(384,	10,	64,	1,	13),
(385,	10,	74,	1,	25),
(386,	10,	82,	1,	30),
(387,	10,	74,	1,	2),
(388,	10,	73,	1,	20),
(389,	10,	146,	1,	40),
(390,	10,	171,	3,	12),
(391,	10,	65,	1,	38),
(392,	10,	63,	1,	7),
(393,	10,	65,	1,	28),
(394,	10,	72,	1,	31),
(395,	10,	105,	1,	5),
(396,	10,	69,	1,	19),
(397,	10,	65,	1,	15),
(398,	10,	74,	1,	16),
(399,	10,	84,	1,	17),
(400,	10,	121,	1,	14),
(401,	11,	61,	1,	28),
(402,	11,	84,	0,	17),
(403,	11,	84,	0,	36),
(404,	11,	75,	1,	11),
(405,	11,	90,	1,	24),
(406,	11,	63,	0,	37),
(407,	11,	63,	0,	38),
(408,	11,	62,	0,	13),
(409,	11,	64,	1,	7),
(410,	11,	63,	0,	35),
(411,	11,	74,	1,	20),
(412,	11,	81,	0,	30),
(413,	11,	129,	2,	14),
(414,	11,	64,	1,	3),
(415,	11,	72,	1,	4),
(416,	11,	90,	1,	23),
(417,	11,	112,	2,	33),
(418,	11,	129,	2,	8),
(419,	11,	74,	0,	31),
(420,	11,	178,	3,	12),
(421,	11,	64,	1,	9),
(422,	11,	80,	1,	2),
(423,	11,	63,	0,	39),
(424,	11,	78,	0,	26),
(425,	11,	61,	1,	15),
(426,	11,	85,	1,	16),
(427,	11,	90,	1,	22),
(428,	11,	64,	1,	29),
(429,	11,	85,	1,	25),
(430,	11,	104,	2,	32),
(431,	11,	90,	1,	21),
(432,	11,	112,	2,	34),
(433,	11,	95,	1,	27),
(434,	11,	70,	1,	19),
(435,	11,	154,	2,	40),
(436,	11,	84,	2,	18),
(437,	11,	64,	1,	10),
(438,	11,	110,	2,	6),
(439,	11,	76,	2,	1),
(440,	11,	110,	2,	5),
(441,	12,	47,	0,	15),
(442,	12,	47,	0,	28),
(443,	12,	116,	1,	8),
(444,	12,	141,	1,	40),
(445,	12,	118,	2,	33),
(446,	12,	118,	2,	34),
(447,	12,	171,	3,	12),
(448,	12,	96,	1,	18),
(449,	12,	80,	1,	11),
(450,	12,	99,	1,	6),
(451,	12,	87,	1,	1),
(452,	12,	67,	0,	3),
(453,	12,	67,	0,	7),
(454,	12,	85,	1,	36),
(455,	12,	73,	0,	19),
(456,	12,	82,	1,	24),
(457,	12,	82,	1,	23),
(458,	12,	74,	1,	16),
(459,	12,	82,	1,	21),
(460,	12,	75,	0,	2),
(461,	12,	67,	0,	29),
(462,	12,	99,	2,	27),
(463,	12,	85,	1,	17),
(464,	12,	67,	0,	10),
(465,	12,	82,	1,	22),
(466,	12,	84,	1,	4),
(467,	12,	109,	1,	32),
(468,	12,	99,	1,	5),
(469,	12,	69,	1,	13),
(470,	12,	116,	1,	14),
(471,	12,	74,	1,	25),
(472,	12,	86,	1,	26),
(473,	12,	74,	0,	31),
(474,	12,	69,	1,	37),
(475,	12,	84,	1,	30),
(476,	12,	67,	0,	9),
(477,	12,	69,	1,	39),
(478,	12,	69,	1,	35),
(479,	12,	69,	1,	38),
(480,	12,	76,	0,	20),
(481,	13,	53,	0,	28),
(482,	13,	120,	1,	34),
(483,	13,	117,	1,	8),
(484,	13,	53,	0,	15),
(485,	13,	120,	1,	33),
(486,	13,	75,	0,	16),
(487,	13,	106,	1,	32),
(488,	13,	97,	1,	27),
(489,	13,	75,	0,	25),
(490,	13,	90,	0,	30),
(491,	13,	67,	0,	10),
(492,	13,	172,	3,	12),
(493,	13,	67,	0,	29),
(494,	13,	84,	1,	1),
(495,	13,	67,	0,	7),
(496,	13,	80,	1,	11),
(497,	13,	82,	0,	4),
(498,	13,	93,	1,	18),
(499,	13,	95,	1,	24),
(500,	13,	117,	1,	14),
(501,	13,	77,	0,	20),
(502,	13,	71,	1,	13),
(503,	13,	142,	1,	40),
(504,	13,	95,	1,	22),
(505,	13,	95,	1,	21),
(506,	13,	67,	0,	3),
(507,	13,	85,	1,	36),
(508,	13,	95,	1,	23),
(509,	13,	67,	0,	9),
(510,	13,	85,	1,	17),
(511,	13,	98,	2,	6),
(512,	13,	89,	0,	26),
(513,	13,	75,	0,	31),
(514,	13,	75,	0,	2),
(515,	13,	98,	2,	5),
(516,	13,	75,	1,	19),
(517,	13,	69,	1,	39),
(518,	13,	69,	1,	35),
(519,	13,	69,	1,	38),
(520,	13,	69,	1,	37),
(521,	14,	126,	2,	8),
(522,	14,	126,	2,	14),
(523,	14,	81,	0,	26),
(524,	14,	96,	0,	32),
(525,	14,	83,	0,	18),
(526,	14,	90,	0,	21),
(527,	14,	60,	0,	38),
(528,	14,	90,	0,	22),
(529,	14,	90,	0,	23),
(530,	14,	67,	0,	13),
(531,	14,	60,	0,	39),
(532,	14,	71,	0,	20),
(533,	14,	117,	1,	34),
(534,	14,	151,	2,	40),
(535,	14,	75,	0,	1),
(536,	14,	89,	1,	4),
(537,	14,	66,	1,	25),
(538,	14,	105,	1,	27),
(539,	14,	163,	3,	12),
(540,	14,	69,	0,	31),
(541,	14,	61,	0,	15),
(542,	14,	66,	1,	3),
(543,	14,	60,	0,	37),
(544,	14,	61,	0,	19),
(545,	14,	60,	0,	35),
(546,	14,	117,	1,	33),
(547,	14,	70,	0,	2),
(548,	14,	89,	1,	5),
(549,	14,	80,	1,	36),
(550,	14,	90,	0,	24),
(551,	14,	80,	1,	17),
(552,	14,	61,	0,	28),
(553,	14,	79,	1,	11),
(554,	14,	79,	1,	30),
(555,	14,	89,	1,	6),
(556,	14,	66,	1,	9),
(557,	14,	66,	1,	10),
(558,	14,	66,	1,	7),
(559,	14,	66,	1,	16),
(560,	14,	66,	1,	29),
(561,	15,	54,	0,	16),
(562,	15,	57,	0,	37),
(563,	15,	57,	0,	35),
(564,	15,	94,	1,	5),
(565,	15,	57,	0,	38),
(566,	15,	113,	1,	8),
(567,	15,	113,	1,	14),
(568,	15,	66,	0,	17),
(569,	15,	66,	0,	36),
(570,	15,	94,	1,	6),
(571,	15,	55,	0,	19),
(572,	15,	58,	0,	31),
(573,	15,	54,	0,	25),
(574,	15,	87,	1,	21),
(575,	15,	87,	1,	22),
(576,	15,	138,	1,	40),
(577,	15,	55,	0,	29),
(578,	15,	55,	0,	3),
(579,	15,	67,	1,	20),
(580,	15,	87,	1,	23),
(581,	15,	67,	0,	26),
(582,	15,	121,	2,	34),
(583,	15,	65,	0,	30),
(584,	15,	55,	0,	9),
(585,	15,	81,	1,	11),
(586,	15,	61,	1,	13),
(587,	15,	57,	0,	39),
(588,	15,	65,	1,	2),
(589,	15,	70,	1,	28),
(590,	15,	121,	2,	33),
(591,	15,	70,	1,	15),
(592,	15,	55,	0,	10),
(593,	15,	87,	1,	4),
(594,	15,	55,	0,	7),
(595,	15,	87,	1,	24),
(596,	15,	85,	1,	1),
(597,	15,	99,	2,	18),
(598,	15,	166,	4,	12),
(599,	15,	109,	2,	32),
(600,	15,	105,	2,	27),
(601,	16,	60,	0,	36),
(602,	16,	98,	1,	5),
(603,	16,	54,	0,	35),
(604,	16,	55,	0,	20),
(605,	16,	55,	0,	26),
(606,	16,	100,	1,	8),
(607,	16,	54,	0,	39),
(608,	16,	54,	0,	31),
(609,	16,	60,	0,	17),
(610,	16,	54,	0,	38),
(611,	16,	61,	0,	29),
(612,	16,	56,	0,	2),
(613,	16,	125,	1,	40),
(614,	16,	63,	0,	19),
(615,	16,	61,	0,	9),
(616,	16,	61,	0,	10),
(617,	16,	54,	0,	37),
(618,	16,	98,	1,	6),
(619,	16,	92,	1,	18),
(620,	16,	100,	1,	14),
(621,	16,	61,	0,	7),
(622,	16,	61,	0,	3),
(623,	16,	86,	1,	23),
(624,	16,	91,	1,	27),
(625,	16,	79,	1,	11),
(626,	16,	75,	1,	15),
(627,	16,	53,	0,	13),
(628,	16,	120,	2,	33),
(629,	16,	168,	3,	12),
(630,	16,	86,	1,	21),
(631,	16,	55,	0,	30),
(632,	16,	75,	1,	28),
(633,	16,	120,	2,	34),
(634,	16,	86,	1,	24),
(635,	16,	84,	1,	1),
(636,	16,	107,	2,	32),
(637,	16,	73,	2,	16),
(638,	16,	90,	1,	4),
(639,	16,	86,	1,	22),
(640,	16,	73,	2,	25),
(641,	17,	110,	1,	8),
(642,	17,	135,	1,	40),
(643,	17,	110,	1,	14),
(644,	17,	168,	3,	12),
(645,	17,	63,	0,	31),
(646,	17,	72,	0,	27),
(647,	17,	70,	0,	30),
(648,	17,	64,	0,	20),
(649,	17,	107,	1,	6),
(650,	17,	107,	1,	5),
(651,	17,	78,	1,	24),
(652,	17,	65,	0,	2),
(653,	17,	75,	0,	17),
(654,	17,	75,	0,	36),
(655,	17,	78,	1,	22),
(656,	17,	57,	1,	37),
(657,	17,	84,	2,	18),
(658,	17,	71,	0,	26),
(659,	17,	103,	2,	32),
(660,	17,	116,	2,	34),
(661,	17,	82,	1,	4),
(662,	17,	74,	1,	16),
(663,	17,	59,	1,	7),
(664,	17,	59,	1,	9),
(665,	17,	74,	1,	25),
(666,	17,	61,	1,	13),
(667,	17,	57,	1,	39),
(668,	17,	59,	1,	10),
(669,	17,	75,	1,	1),
(670,	17,	73,	1,	11),
(671,	17,	78,	1,	23),
(672,	17,	57,	1,	35),
(673,	17,	78,	1,	21),
(674,	17,	116,	2,	33),
(675,	17,	69,	1,	19),
(676,	17,	63,	1,	28),
(677,	17,	59,	1,	3),
(678,	17,	63,	1,	15),
(679,	17,	59,	1,	29),
(680,	17,	57,	1,	38),
(681,	18,	99,	1,	34),
(682,	18,	99,	1,	33),
(683,	18,	56,	0,	29),
(684,	18,	66,	1,	4),
(685,	18,	56,	0,	7),
(686,	18,	56,	0,	3),
(687,	18,	67,	1,	32),
(688,	18,	71,	1,	21),
(689,	18,	70,	0,	16),
(690,	18,	56,	0,	9),
(691,	18,	62,	1,	39),
(692,	18,	70,	0,	25),
(693,	18,	63,	1,	13),
(694,	18,	147,	1,	40),
(695,	18,	56,	0,	10),
(696,	18,	175,	3,	12),
(697,	18,	78,	1,	20),
(698,	18,	86,	1,	27),
(699,	18,	75,	1,	18),
(700,	18,	71,	1,	22),
(701,	18,	105,	1,	6),
(702,	18,	122,	1,	14),
(703,	18,	75,	1,	11),
(704,	18,	71,	1,	23),
(705,	18,	62,	1,	35),
(706,	18,	66,	1,	19),
(707,	18,	66,	1,	1),
(708,	18,	66,	1,	15),
(709,	18,	62,	1,	38),
(710,	18,	81,	1,	2),
(711,	18,	62,	1,	37),
(712,	18,	71,	1,	24),
(713,	18,	122,	1,	8),
(714,	18,	105,	1,	5),
(715,	18,	85,	1,	36),
(716,	18,	85,	1,	17),
(717,	18,	83,	1,	26),
(718,	18,	77,	1,	31),
(719,	18,	83,	1,	30),
(720,	18,	66,	1,	28),
(721,	19,	55,	0,	4),
(722,	19,	112,	2,	34),
(723,	19,	78,	1,	24),
(724,	19,	159,	2,	40),
(725,	19,	80,	1,	15),
(726,	19,	78,	1,	22),
(727,	19,	127,	1,	5),
(728,	19,	78,	1,	21),
(729,	19,	127,	1,	6),
(730,	19,	76,	1,	18),
(731,	19,	83,	1,	31),
(732,	19,	79,	1,	37),
(733,	19,	134,	2,	8),
(734,	19,	81,	2,	11),
(735,	19,	79,	1,	39),
(736,	19,	68,	1,	1),
(737,	19,	97,	1,	20),
(738,	19,	99,	1,	17),
(739,	19,	76,	1,	13),
(740,	19,	99,	1,	36),
(741,	19,	106,	2,	27),
(742,	19,	112,	2,	33),
(743,	19,	71,	1,	29),
(744,	19,	89,	1,	32),
(745,	19,	79,	1,	38),
(746,	19,	78,	1,	23),
(747,	19,	80,	1,	28),
(748,	19,	71,	1,	3),
(749,	19,	71,	1,	10),
(750,	19,	93,	1,	26),
(751,	19,	71,	1,	9),
(752,	19,	190,	3,	12),
(753,	19,	95,	1,	30),
(754,	19,	76,	1,	19),
(755,	19,	134,	2,	14),
(756,	19,	79,	1,	35),
(757,	19,	85,	2,	16),
(758,	19,	71,	1,	7),
(759,	19,	90,	2,	2),
(760,	19,	85,	2,	25),
(761,	20,	80,	1,	11),
(762,	20,	111,	2,	33),
(763,	20,	111,	2,	34),
(764,	20,	67,	1,	4),
(765,	20,	94,	1,	27),
(766,	20,	128,	2,	8),
(767,	20,	128,	2,	14),
(768,	20,	177,	3,	12),
(769,	20,	116,	2,	6),
(770,	20,	89,	1,	30),
(771,	20,	70,	1,	13),
(772,	20,	63,	1,	10),
(773,	20,	63,	1,	9),
(774,	20,	74,	1,	15),
(775,	20,	63,	1,	7),
(776,	20,	81,	2,	21),
(777,	20,	74,	1,	28),
(778,	20,	93,	1,	36),
(779,	20,	63,	1,	3),
(780,	20,	93,	1,	17),
(781,	20,	69,	1,	37),
(782,	20,	81,	2,	24),
(783,	20,	69,	1,	38),
(784,	20,	153,	2,	40),
(785,	20,	85,	2,	20),
(786,	20,	63,	1,	29),
(787,	20,	116,	2,	5),
(788,	20,	84,	2,	18),
(789,	20,	87,	1,	26),
(790,	20,	69,	1,	39),
(791,	20,	86,	2,	2),
(792,	20,	98,	3,	32),
(793,	20,	76,	1,	31),
(794,	20,	69,	1,	19),
(795,	20,	69,	1,	35),
(796,	20,	84,	1,	25),
(797,	20,	84,	1,	16),
(798,	20,	75,	2,	1),
(799,	20,	81,	2,	23),
(800,	20,	81,	2,	22);

-- 2020-02-26 20:21:38
